organ,col name,mean,min,max,std,range,count
Aorta,MinDose,0.16125771477637132,0.02985427,0.71127674,0.09070591119406585,0.68142247,237
Aorta,MaxDose,13.902122213021096,0.98334014,53.23320226,10.58006797225969,52.249862119999996,237
Aorta,MeanDose,2.928136170080156,0.216904028,10.02535237,2.004285748499704,9.808448342,237
Aorta,TotalVolume (cm^3),137.70259757383965,65.453125,245.265625,40.70339084283252,179.8125,237
Aorta,IntegralDose,396.8897657323774,44.09143733,1601.716662,302.64700456511,1557.62522467,237
Aorta,VolumeOverlap,53.12423611111111,0.0,146.203125,32.39996648551617,146.203125,237
Aorta,FractionOverlap,0.8711654732397759,0.0,1.0,0.13630558410319468,1.0,237
Aorta,DminFromPTV (mm),41.58543157763965,2.5,138.9694211,23.252824626929115,136.4694211,237
Aorta,CM Distance (mm),80.52882608695653,37.89,158.58,21.271633014533545,120.69000000000001,237
Aorta,Max_sqrt(grad(Dose)*Dose)_1,5.7077470949844935,0.837094276,19.97510951,3.982675013485787,19.138015234,237
Aorta,Max1_Dose,12.276190802884445,1.62041842,46.33191742,9.055759577904231,44.711499,237
Aorta,Max_sqrt(grad(Dose)*Dose)_2,5.597172372169981,0.814458564,19.91253993,3.9331844097357918,19.098081366000002,237
Aorta,Max2_Dose,12.33580664032,1.6498591,47.4279627,9.237504310875945,45.7781036,237
Aorta,Max_sqrt(grad(Dose)*Dose)_3,5.496610105719683,0.806154293,19.8811492,3.8830126796089637,19.074994907,237
Aorta,Max3_Dose,12.036708150413336,1.53133959,47.03499285,9.088721123090862,45.50365326,237
Aorta,Max_sqrt(grad(Dose)*Dose)_4,5.424669185407177,0.804243112,19.87416826,3.850165934464463,19.069925148000003,237
Aorta,Max4_Dose,11.978525129777776,1.56551118,49.08582625,9.143969556415163,47.520315069999995,237
Aorta,Max_sqrt(grad(Dose)*Dose)_5,5.366693931351169,0.803870435,19.83977993,3.800548726007892,19.035909495,237
Aorta,Max5_Dose,11.81419339084889,1.5644556,46.33191742,8.832079585478576,44.76746182,237
Aorta,V1.0 dosevol,75.32674050632912,0.0,172.4375,37.837544113502176,172.4375,237
Aorta,V1.0 dosevol/volume,0.5543410005978329,0.0,0.933480577,0.21754737997598245,0.933480577,237
Aorta,V2.0 dosevol,57.49663765822785,0.0,153.59375,37.50594116769291,153.59375,237
Aorta,V2.0 dosevol/volume,0.4229099107138617,0.0,0.842383906,0.2356624897257833,0.842383906,237
Aorta,V5.0 dosevol,27.18024789029536,0.0,116.421875,26.323064029765177,116.421875,237
Aorta,V5.0 dosevol/volume,0.20241664322610278,0.0,0.640450404,0.1838223223851483,0.640450404,237
Aorta,V10.0 dosevol,7.017470991561181,0.0,76.265625,12.998901029963037,76.265625,237
Aorta,V10.0 dosevol/volume,0.05045422847954406,0.0,0.419546158,0.0842168242668594,0.419546158,237
Aorta,V15.0 dosevol,2.2847441983122363,0.0,32.984375,6.470780939791473,32.984375,237
Aorta,V15.0 dosevol/volume,0.016606752455696202,0.0,0.218808194,0.04616411621057221,0.218808194,237
Aorta,V20.0 dosevol,0.9373022151898734,0.0,20.0625,3.3634624451712214,20.0625,237
Aorta,V20.0 dosevol/volume,0.007244134907172996,0.0,0.165735568,0.02690254726008305,0.165735568,237
Aorta,Arm ,nan,nan,nan,nan,nan,237
Aorta,V50.0 dosevol,nan,nan,nan,nan,nan,237
Aorta,V50.0 dosevol/volume,nan,nan,nan,nan,nan,237
Aorta,V55.0 dosevol,nan,nan,nan,nan,nan,237
Aorta,V55.0 dosevol/volume,nan,nan,nan,nan,nan,237
Aorta,V60.0 dosevol,nan,nan,nan,nan,nan,237
Aorta,V60.0 dosevol/volume,nan,nan,nan,nan,nan,237
Aorta,V65.0 dosevol,nan,nan,nan,nan,nan,237
Aorta,V65.0 dosevol/volume,nan,nan,nan,nan,nan,237
Aorta,V70.0 dosevol,nan,nan,nan,nan,nan,237
Aorta,V70.0 dosevol/volume,nan,nan,nan,nan,nan,237
Aorta,V75.0 dosevol,nan,nan,nan,nan,nan,237
Aorta,V75.0 dosevol/volume,nan,nan,nan,nan,nan,237
BronchialTree,MinDose,0.4857543852478991,0.05194566,3.01624249,0.6031769536019864,2.9642968300000003,238
BronchialTree,MaxDose,14.443401550987396,0.90922419,56.59986884,12.239301796287059,55.690644649999996,238
BronchialTree,MeanDose,3.462121809764715,0.192084973,17.29463042,3.6423380784759725,17.102545447,238
BronchialTree,TotalVolume (cm^3),33.44406512605042,10.390625,86.390625,14.42375483257714,76.0,238
BronchialTree,IntegralDose,115.56825445075526,3.22360815,700.6496263,134.21349859129924,697.42601815,238
BronchialTree,VolumeOverlap,13.02675412735849,0.0,40.4375,10.818646690584583,40.4375,238
BronchialTree,FractionOverlap,0.84345306882308,0.0,9.5,0.7580383610142032,9.5,238
BronchialTree,DminFromPTV (mm),27.549196095269828,0.0,70.44501402,17.131438122058988,70.44501402,238
BronchialTree,CM Distance (mm),71.85028301886793,24.73,114.27,18.77772697243397,89.53999999999999,238
BronchialTree,Max_sqrt(grad(Dose)*Dose)_1,6.048164503843952,0.993052723,16.90746522,3.7602309987001012,15.914412496999999,238
BronchialTree,Max1_Dose,12.422232998218904,2.0309718,35.42686977,7.964863201475755,33.39589797,238
BronchialTree,Max_sqrt(grad(Dose)*Dose)_2,5.767778392175058,0.957442775,16.70331522,3.5407301615947184,15.745872445,238
BronchialTree,Max2_Dose,12.042907326597014,1.66821264,34.53700302,7.786736863684407,32.86879038,238
BronchialTree,Max_sqrt(grad(Dose)*Dose)_3,5.595260647937237,0.94183887,16.57620859,3.4246098242088117,15.63436972,238
BronchialTree,Max3_Dose,11.874374858497513,1.586429691,35.69644312,7.555541390467501,34.110013429,238
BronchialTree,Max_sqrt(grad(Dose)*Dose)_4,5.491451486589575,0.938993788,16.35681814,3.3037321462192355,15.417824352000002,238
BronchialTree,Max4_Dose,11.726868222537687,1.964869029,35.03203701,7.437000775619636,33.067167981000004,238
BronchialTree,Max_sqrt(grad(Dose)*Dose)_5,5.351852281702246,0.938157077,16.11925941,3.2122325330216195,15.181102333000002,238
BronchialTree,Max5_Dose,11.580127721864324,1.9693431,35.67012415,7.330953037297377,33.700781049999996,238
BronchialTree,V1.0 dosevol,19.788996848739497,0.0,57.375,13.990169833354523,57.375,238
BronchialTree,V1.0 dosevol/volume,0.581593058242142,0.0,1.0,0.33067070149009425,1.0,238
BronchialTree,V2.0 dosevol,14.508075105042018,0.0,51.046875,12.969576914024202,51.046875,238
BronchialTree,V2.0 dosevol/volume,0.42181396886632566,0.0,1.0,0.34249852387247237,1.0,238
BronchialTree,V5.0 dosevol,6.991859243697479,0.0,37.859375,9.718784415924716,37.859375,238
BronchialTree,V5.0 dosevol/volume,0.21474735341223566,0.0,0.939690302,0.2958905305557773,0.939690302,238
BronchialTree,V10.0 dosevol,3.0018382352941178,0.0,27.5625,5.867120382344403,27.5625,238
BronchialTree,V10.0 dosevol/volume,0.09708113705965246,0.0,0.673186634,0.17493691335170583,0.673186634,238
BronchialTree,V15.0 dosevol,1.1993828781512605,0.0,18.15625,3.485699869207693,18.15625,238
BronchialTree,V15.0 dosevol/volume,0.03488735681737417,0.0,0.449470253,0.08780560723021223,0.449470253,238
BronchialTree,V20.0 dosevol,0.5476628151260504,0.0,12.390625,2.2261248193325955,12.390625,238
BronchialTree,V20.0 dosevol/volume,0.014101830040525223,0.0,0.311735941,0.053192788900361374,0.311735941,238
BronchialTree,Arm ,nan,nan,nan,nan,nan,238
BronchialTree,V50.0 dosevol,nan,nan,nan,nan,nan,238
BronchialTree,V50.0 dosevol/volume,nan,nan,nan,nan,nan,238
BronchialTree,V55.0 dosevol,nan,nan,nan,nan,nan,238
BronchialTree,V55.0 dosevol/volume,nan,nan,nan,nan,nan,238
BronchialTree,V60.0 dosevol,nan,nan,nan,nan,nan,238
BronchialTree,V60.0 dosevol/volume,nan,nan,nan,nan,nan,238
BronchialTree,V65.0 dosevol,nan,nan,nan,nan,nan,238
BronchialTree,V65.0 dosevol/volume,nan,nan,nan,nan,nan,238
BronchialTree,V70.0 dosevol,nan,nan,nan,nan,nan,238
BronchialTree,V70.0 dosevol/volume,nan,nan,nan,nan,nan,238
BronchialTree,V75.0 dosevol,nan,nan,nan,nan,nan,238
BronchialTree,V75.0 dosevol/volume,nan,nan,nan,nan,nan,238
CW,MinDose,0.08287122683600001,0.0,0.45791034,0.09332722304304208,0.45791034,250
CW,MaxDose,51.823055282368,14.89395649,90.49811066,19.51570667756419,75.60415416999999,250
CW,MeanDose,5.931359240844109,2.026853192,13.30212992,2.485148781065465,11.275276728000001,250
CW,TotalVolume (cm^3),828.587625,300.484375,1234.53125,193.72977351525654,934.046875,250
CW,IntegralDose,4654.372889536086,1839.745343,10452.21871,1696.941814133197,8612.473366999999,250
CW,VolumeOverlap,360.9433125,52.515625,640.375,104.4747325559935,587.859375,250
CW,FractionOverlap,0.8638421907687539,0.231489772,1.0,0.11954204473037817,0.768510228,250
CW,DminFromPTV (mm),8.018990888973914,0.0,36.99662147,9.57845803993043,36.99662147,250
CW,CM Distance (mm),36.253020408163266,1.74,87.55,20.874634105451214,85.81,250
CW,Max_sqrt(grad(Dose)*Dose)_1,15.710801350712229,5.730547162,32.2284193,6.687008917370143,26.497872137999998,250
CW,Max1_Dose,31.396323711366904,9.73097287,62.82356102,13.678682098625572,53.09258815,250
CW,Max_sqrt(grad(Dose)*Dose)_2,15.206086821633095,5.598647565,31.87937326,6.453864285227169,26.280725695,250
CW,Max2_Dose,30.608069914892088,8.14913586,63.7050083,12.751311872393636,55.55587244,250
CW,Max_sqrt(grad(Dose)*Dose)_3,14.858348501352518,5.585935071,31.31812523,6.383228883929972,25.732190158999998,250
CW,Max3_Dose,30.574886043381294,10.03047622,63.7050083,12.712063035545514,53.674532080000006,250
CW,Max_sqrt(grad(Dose)*Dose)_4,14.582477360352518,5.583213159,31.31389757,6.2465244139125735,25.730684411000002,250
CW,Max4_Dose,30.789875647553952,9.72342535,58.01168058,12.855525012630645,48.28825523,250
CW,Max_sqrt(grad(Dose)*Dose)_5,14.343087803812947,5.43196558,31.28850967,6.21203610890265,25.85654409,250
CW,Max5_Dose,29.90287976194245,9.29222424,64.13206382,13.144070368831377,54.83983958,250
CW,V1.0 dosevol,466.664375,211.234375,790.75,125.40358734796357,579.515625,250
CW,V1.0 dosevol/volume,0.5753315010056421,0.298386011,0.913143048651064,0.13717647774824554,0.614757037651064,250
CW,V2.0 dosevol,397.9288125,165.828125,674.359375,108.04727503902443,508.53125,250
CW,V2.0 dosevol/volume,0.4911817178886593,0.203356618,0.7929955873317321,0.12019743940083508,0.5896389693317321,250
CW,V5.0 dosevol,293.5835625,122.859375,524.46875,89.57235783904984,401.609375,250
CW,V5.0 dosevol/volume,0.3689742037367746,0.106883615,0.6525562851782364,0.12019650797206398,0.5456726701782364,250
CW,V10.0 dosevol,172.0976875,13.640625,422.890625,83.37933445247077,409.25,250
CW,V10.0 dosevol/volume,0.2216004070882894,0.012356163,0.480125807,0.11318455491421359,0.46776964400000004,250
CW,V15.0 dosevol,90.858125,0.0,283.21875,56.91482658546465,283.21875,250
CW,V15.0 dosevol/volume,0.11833570007082383,0.0,0.324277425,0.07798190167073783,0.324277425,250
CW,V20.0 dosevol,50.4231875,0.0,177.328125,39.5934345751015,177.328125,250
CW,V20.0 dosevol/volume,0.06689378481627428,0.0,0.233357035,0.05747658770793216,0.233357035,250
CW,Arm ,nan,nan,nan,nan,nan,250
CW,V50.0 dosevol,nan,nan,nan,nan,nan,250
CW,V50.0 dosevol/volume,nan,nan,nan,nan,nan,250
CW,V55.0 dosevol,nan,nan,nan,nan,nan,250
CW,V55.0 dosevol/volume,nan,nan,nan,nan,nan,250
CW,V60.0 dosevol,nan,nan,nan,nan,nan,250
CW,V60.0 dosevol/volume,nan,nan,nan,nan,nan,250
CW,V65.0 dosevol,nan,nan,nan,nan,nan,250
CW,V65.0 dosevol/volume,nan,nan,nan,nan,nan,250
CW,V70.0 dosevol,nan,nan,nan,nan,nan,250
CW,V70.0 dosevol/volume,nan,nan,nan,nan,nan,250
CW,V75.0 dosevol,nan,nan,nan,nan,nan,250
CW,V75.0 dosevol/volume,nan,nan,nan,nan,nan,250
Esophagus,MinDose,0.17505222999599998,0.032164,0.50143918,0.10008094958303851,0.46927518,250
Esophagus,MaxDose,10.827386373456,1.4990624,52.79673104,8.361883126803024,51.29766864,250
Esophagus,MeanDose,2.9216088152503734,0.473140632,10.19880128,1.8764647580396638,9.725660648,250
Esophagus,TotalVolume (cm^3),23.1029375,6.375,44.703125,7.7642145250369285,38.328125,250
Esophagus,IntegralDose,63.017718114697125,15.71669311,287.0069244,43.0778048050795,271.29023129,250
Esophagus,VolumeOverlap,7.084969008264463,0.0,19.28125,3.6573084659258415,19.28125,250
Esophagus,FractionOverlap,0.7336090821072433,0.0,1.0,0.18717924492536017,1.0,250
Esophagus,DminFromPTV (mm),51.82122851727167,0.0,104.013220313574,21.925452396919955,104.013220313574,250
Esophagus,CM Distance (mm),79.32293388429753,17.94,133.41,22.784525743326494,115.47,250
Esophagus,Max_sqrt(grad(Dose)*Dose)_1,3.7833175687613894,0.785268472,11.004593,2.1942770364434603,10.219324528,250
Esophagus,Max1_Dose,8.571010678316457,1.2071759,29.26415655,5.513527630051162,28.05698065,250
Esophagus,Max_sqrt(grad(Dose)*Dose)_2,3.705020577036437,0.762095895,10.99936642,2.1488600036864645,10.237270525,250
Esophagus,Max2_Dose,8.506350421316457,1.31549098,30.71341743,5.5382651760732164,29.39792645,250
Esophagus,Max_sqrt(grad(Dose)*Dose)_3,3.6459819607679687,0.757923226,10.9657886,2.117151143016874,10.207865374,250
Esophagus,Max3_Dose,8.433684184890296,1.2021627,28.39971501,5.392071292305679,27.197552310000003,250
Esophagus,Max_sqrt(grad(Dose)*Dose)_4,3.588861551528075,0.752133348,10.90098603,2.082592248236153,10.148852682000001,250
Esophagus,Max4_Dose,8.355420789489452,1.33656028,29.82928422,5.3538323904224745,28.49272394,250
Esophagus,Max_sqrt(grad(Dose)*Dose)_5,3.5458447805457673,0.727818701,10.2714469,2.0558850257313126,9.543628199,250
Esophagus,Max5_Dose,8.45906906729536,1.26786558,27.95378595,5.40253057226478,26.68592037,250
Esophagus,V1.0 dosevol,11.800875,1.75,34.71875,5.217581236510683,32.96875,250
Esophagus,V1.0 dosevol/volume,0.5295162651011844,0.043276662,0.954041204,0.16651736046388774,0.910764542,250
Esophagus,V2.0 dosevol,9.0381875,0.0,24.90625,4.511663947503966,24.90625,250
Esophagus,V2.0 dosevol/volume,0.41141178702350634,0.0,0.812995246,0.16667094376135383,0.812995246,250
Esophagus,V5.0 dosevol,3.7896875,0.0,14.3125,3.3734962700613322,14.3125,250
Esophagus,V5.0 dosevol/volume,0.18427046222202823,0.0,0.656578947,0.16322109996137982,0.656578947,250
Esophagus,V10.0 dosevol,1.2766875,0.0,9.515625,2.194372917294797,9.515625,250
Esophagus,V10.0 dosevol/volume,0.066887081252,0.0,0.504774898,0.11579630221858035,0.504774898,250
Esophagus,V15.0 dosevol,0.4663125,0.0,9.15625,1.4889612606863043,9.15625,250
Esophagus,V15.0 dosevol/volume,0.021563570972000002,0.0,0.326048435,0.06085964740930409,0.326048435,250
Esophagus,V20.0 dosevol,0.22525,0.0,8.296875,1.1488209795032414,8.296875,250
Esophagus,V20.0 dosevol/volume,0.008867750732,0.0,0.300649734,0.04268592977323849,0.300649734,250
Esophagus,Arm ,nan,nan,nan,nan,nan,250
Esophagus,V50.0 dosevol,nan,nan,nan,nan,nan,250
Esophagus,V50.0 dosevol/volume,nan,nan,nan,nan,nan,250
Esophagus,V55.0 dosevol,nan,nan,nan,nan,nan,250
Esophagus,V55.0 dosevol/volume,nan,nan,nan,nan,nan,250
Esophagus,V60.0 dosevol,nan,nan,nan,nan,nan,250
Esophagus,V60.0 dosevol/volume,nan,nan,nan,nan,nan,250
Esophagus,V65.0 dosevol,nan,nan,nan,nan,nan,250
Esophagus,V65.0 dosevol/volume,nan,nan,nan,nan,nan,250
Esophagus,V70.0 dosevol,nan,nan,nan,nan,nan,250
Esophagus,V70.0 dosevol/volume,nan,nan,nan,nan,nan,250
Esophagus,V75.0 dosevol,nan,nan,nan,nan,nan,250
Esophagus,V75.0 dosevol/volume,nan,nan,nan,nan,nan,250
Heart,MinDose,0.12294938869200002,0.0,0.51243847,0.08586450412595135,0.51243847,250
Heart,MaxDose,13.178089025196002,0.0,50.00866038,11.50277387288741,50.00866038,250
Heart,MeanDose,1.6873067264351163,0.0,5.526450597,1.3763695521886945,5.526450597,250
Heart,TotalVolume (cm^3),572.12875,0.0,1258.421875,276.90234731044467,1258.421875,250
Heart,IntegralDose,1161.4831322031312,0.0,3701.32829,1062.7925522508917,3701.32829,250
Heart,VolumeOverlap,195.47712320574163,0.0,540.9375,160.20880222161617,540.9375,250
Heart,FractionOverlap,0.8778877943177406,0.0,1.0,0.20254641086976857,1.0,250
Heart,DminFromPTV (mm),33.03047124469609,2.5,108.5702538,22.53706728795366,106.0702538,250
Heart,CM Distance (mm),89.85856459330142,40.28,150.34,21.992677055864483,110.06,250
Heart,Max_sqrt(grad(Dose)*Dose)_1,6.616842356454224,0.724635634,21.17590076,4.790796352157398,20.451265126000003,250
Heart,Max1_Dose,13.362911381875598,1.59734822,40.03512114,9.694126685425696,38.43777292,250
Heart,Max_sqrt(grad(Dose)*Dose)_2,6.425965575678787,0.701735107,20.9024118,4.624024691509907,20.200676693,250
Heart,Max2_Dose,13.1866205325311,1.56080058,43.1795535,9.850376494747893,41.61875292,250
Heart,Max_sqrt(grad(Dose)*Dose)_3,6.301633551770273,0.696023513,20.84691057,4.550707883086174,20.150887057,250
Heart,Max3_Dose,12.760347517770333,1.50104444,37.60902053,9.186337460593176,36.10797609,250
Heart,Max_sqrt(grad(Dose)*Dose)_4,6.172890577074071,0.68716029,20.32727207,4.417885296251601,19.640111779999998,250
Heart,Max4_Dose,12.625020307727272,1.52824596,38.29484222,9.037270203500526,36.76659626,250
Heart,Max_sqrt(grad(Dose)*Dose)_5,6.082932946451333,0.667537261,20.00951611,4.334429522466413,19.341978849,250
Heart,Max5_Dose,12.623087053306222,1.41910272,41.4117213,9.215939177003683,39.992618580000006,250
Heart,V1.0 dosevol,266.7024375,0.0,816.59375,226.75983931976018,816.59375,250
Heart,V1.0 dosevol/volume,0.3833052186746245,0.0,0.887735711,0.28048025482556044,0.887735711,250
Heart,V2.0 dosevol,174.302125,0.0,555.65625,170.14594740739793,555.65625,250
Heart,V2.0 dosevol/volume,0.24907062789887835,0.0,0.760707499,0.22021534818725932,0.760707499,250
Heart,V5.0 dosevol,66.357125,0.0,297.890625,84.45237821804805,297.890625,250
Heart,V5.0 dosevol/volume,0.096258779100962,0.0,0.417940397,0.11882757096017732,0.417940397,250
Heart,V10.0 dosevol,15.1096875,0.0,116.75,26.61686264876005,116.75,250
Heart,V10.0 dosevol/volume,0.022356958569689635,0.0,0.221071629,0.04067608790135204,0.221071629,250
Heart,V15.0 dosevol,3.9703125,0.0,59.140625,10.181185527858085,59.140625,250
Heart,V15.0 dosevol/volume,0.005936716159284979,0.0,0.111512175,0.016072943803403534,0.111512175,250
Heart,V20.0 dosevol,1.308625,0.0,31.296875,4.585821871425643,31.296875,250
Heart,V20.0 dosevol/volume,0.001992974630380456,0.0,0.058670375,0.007486840249290428,0.058670375,250
Heart,Arm ,nan,nan,nan,nan,nan,250
Heart,V50.0 dosevol,nan,nan,nan,nan,nan,250
Heart,V50.0 dosevol/volume,nan,nan,nan,nan,nan,250
Heart,V55.0 dosevol,nan,nan,nan,nan,nan,250
Heart,V55.0 dosevol/volume,nan,nan,nan,nan,nan,250
Heart,V60.0 dosevol,nan,nan,nan,nan,nan,250
Heart,V60.0 dosevol/volume,nan,nan,nan,nan,nan,250
Heart,V65.0 dosevol,nan,nan,nan,nan,nan,250
Heart,V65.0 dosevol/volume,nan,nan,nan,nan,nan,250
Heart,V70.0 dosevol,nan,nan,nan,nan,nan,250
Heart,V70.0 dosevol/volume,nan,nan,nan,nan,nan,250
Heart,V75.0 dosevol,nan,nan,nan,nan,nan,250
Heart,V75.0 dosevol/volume,nan,nan,nan,nan,nan,250
LN,MinDose,0.5976356373639999,0.0838816,1.66647458,0.29710011579259865,1.58259298,250
LN,MaxDose,24.884912267616006,4.46408396,87.85311626,17.339424485035558,83.3890323,250
LN,MeanDose,5.109026290372009,0.560397578,15.63914389,2.83958730376438,15.078746312,250
LN,TotalVolume (cm^3),130.18025,33.234375,242.828125,45.59512026710547,209.59375,250
LN,IntegralDose,654.2693740855249,87.39915726,2369.913094,449.10598938994605,2282.51393674,250
LN,VolumeOverlap,76.0773125,1.6875,164.78125,39.11251264149756,163.09375,250
LN,FractionOverlap,0.7532259799593756,0.088379705,0.999351492,0.15308291433688706,0.9109717869999999,250
LN,DminFromPTV (mm),23.768280471661203,0.0,77.1767452,17.409226521581132,77.1767452,250
LN,CM Distance (mm),77.4556,25.15,113.89,17.984124118824504,88.74000000000001,250
LN,Max_sqrt(grad(Dose)*Dose)_1,8.91463809310914,1.948102451,24.54712828,5.726908490688075,22.599025829,250
LN,Max1_Dose,19.24948187287931,3.80912423,51.74617242,12.591230688207776,47.93704819,250
LN,Max_sqrt(grad(Dose)*Dose)_2,8.639775088147644,1.933994078,23.3470009,5.534212681184505,21.413006822,250
LN,Max2_Dose,18.96326677175,3.606004371,51.90924886,12.825130593227481,48.303244489,250
LN,Max_sqrt(grad(Dose)*Dose)_3,8.41797894149137,1.919431105,21.74387008,5.365203056163502,19.824438975,250
LN,Max3_Dose,18.55037048349569,3.0154445,55.36906186,12.485808952284065,52.35361736,250
LN,Max_sqrt(grad(Dose)*Dose)_4,8.26574922034649,1.879375162,21.40508453,5.233872730267658,19.525709368,250
LN,Max4_Dose,18.087346051107758,3.392580322,48.591726,11.984758824199957,45.199145678,250
LN,Max_sqrt(grad(Dose)*Dose)_5,8.123347168413106,1.764863423,21.39517365,5.155926826660903,19.630310227,250
LN,Max5_Dose,18.072405156974135,3.220271226,51.37171632,12.024085461892625,48.151445093999996,250
LN,V1.0 dosevol,116.64225,11.078125,240.484375,49.822251977464084,229.40625,250
LN,V1.0 dosevol/volume,0.8967568689601921,0.072207221,1.0,0.18525895341675772,0.927792779,250
LN,V2.0 dosevol,94.7518125,3.65625,197.421875,46.706779705528284,193.765625,250
LN,V2.0 dosevol/volume,0.7343038630421653,0.024344763,0.999258003,0.23812353556683993,0.97491324,250
LN,V5.0 dosevol,44.4611875,0.0,129.59375,37.20921110494673,129.59375,250
LN,V5.0 dosevol/volume,0.3546799465713173,0.0,0.864116233,0.2552930568021285,0.864116233,250
LN,V10.0 dosevol,15.6023125,0.0,81.59375,20.379577419969912,81.59375,250
LN,V10.0 dosevol/volume,0.12331506835109751,0.0,0.566606024,0.14855221988866896,0.566606024,250
LN,V15.0 dosevol,5.603625,0.0,52.140625,9.657328797239533,52.140625,250
LN,V15.0 dosevol/volume,0.04309786109446563,0.0,0.354735835,0.06852964158416737,0.354735835,250
LN,V20.0 dosevol,2.364125,0.0,37.5625,5.88320604696659,37.5625,250
LN,V20.0 dosevol/volume,0.017713341171999998,0.0,0.255554374,0.040238107945973774,0.255554374,250
LN,Arm ,nan,nan,nan,nan,nan,250
LN,V50.0 dosevol,nan,nan,nan,nan,nan,250
LN,V50.0 dosevol/volume,nan,nan,nan,nan,nan,250
LN,V55.0 dosevol,nan,nan,nan,nan,nan,250
LN,V55.0 dosevol/volume,nan,nan,nan,nan,nan,250
LN,V60.0 dosevol,nan,nan,nan,nan,nan,250
LN,V60.0 dosevol/volume,nan,nan,nan,nan,nan,250
LN,V65.0 dosevol,nan,nan,nan,nan,nan,250
LN,V65.0 dosevol/volume,nan,nan,nan,nan,nan,250
LN,V70.0 dosevol,nan,nan,nan,nan,nan,250
LN,V70.0 dosevol/volume,nan,nan,nan,nan,nan,250
LN,V75.0 dosevol,nan,nan,nan,nan,nan,250
LN,V75.0 dosevol/volume,nan,nan,nan,nan,nan,250
Lungs,MinDose,0.07305282206000001,0.0,0.308344358,0.04859812215472979,0.308344358,250
Lungs,MaxDose,78.62298472684,58.00786542,99.87370188,11.082323105271815,41.86583646,250
Lungs,MeanDose,4.684125035636316,1.987290787,10.40820888,1.579606034086639,8.420918093000001,250
Lungs,TotalVolume (cm^3),2731.5615,1047.46875,5932.421875,898.6006251154244,4884.953125,250
Lungs,IntegralDose,12186.854709279985,4587.297016,24568.59932,4258.268220985065,19981.302304,250
Lungs,VolumeOverlap,940.865125,310.28125,2014.140625,394.47577870371754,1703.859375,250
Lungs,FractionOverlap,0.9189884855273592,0.608503943,0.999830832,0.08606120005087399,0.391326889,250
Lungs,DminFromPTV (mm),0.0,0.0,0.0,0.0,0.0,250
Lungs,CM Distance (mm),43.77456,18.38,84.83,13.918899780182452,66.45,250
Lungs,Max_sqrt(grad(Dose)*Dose)_1,nan,nan,nan,nan,nan,250
Lungs,Max1_Dose,nan,nan,nan,nan,nan,250
Lungs,Max_sqrt(grad(Dose)*Dose)_2,nan,nan,nan,nan,nan,250
Lungs,Max2_Dose,nan,nan,nan,nan,nan,250
Lungs,Max_sqrt(grad(Dose)*Dose)_3,nan,nan,nan,nan,nan,250
Lungs,Max3_Dose,nan,nan,nan,nan,nan,250
Lungs,Max_sqrt(grad(Dose)*Dose)_4,nan,nan,nan,nan,nan,250
Lungs,Max4_Dose,nan,nan,nan,nan,nan,250
Lungs,Max_sqrt(grad(Dose)*Dose)_5,nan,nan,nan,nan,nan,250
Lungs,Max5_Dose,nan,nan,nan,nan,nan,250
Lungs,V1.0 dosevol,1381.901375,486.890625,3518.921875,596.8640284246381,3032.03125,250
Lungs,V1.0 dosevol/volume,0.5081652068076282,0.199679003,0.843041276,0.13187237641080188,0.643362273,250
Lungs,V2.0 dosevol,983.525,327.625,2242.359375,408.9292319345662,1914.734375,250
Lungs,V2.0 dosevol/volume,0.36652976099658996,0.168130035,0.654370286,0.10801696791653984,0.486240251,250
Lungs,V5.0 dosevol,588.3855625,173.6875,1199.609375,214.87359072782738,1025.921875,250
Lungs,V5.0 dosevol/volume,0.22292753466826634,0.096755413,0.459189339,0.07229676167943909,0.36243392599999996,250
Lungs,V10.0 dosevol,347.82925,116.203125,697.6875,139.95947415383694,581.484375,250
Lungs,V10.0 dosevol/volume,0.13529964041260684,0.042703947,0.343685671,0.0573644316228848,0.300981724,250
Lungs,V15.0 dosevol,220.5485625,74.46875,428.953125,94.88976866183701,354.484375,250
Lungs,V15.0 dosevol/volume,0.08733488708531437,0.020927098,0.275724216,0.04316551197101284,0.25479711800000004,250
Lungs,V20.0 dosevol,147.531875,49.6875,291.5,65.16965968039834,241.8125,250
Lungs,V20.0 dosevol/volume,0.058936937851108914,0.013963108,0.200468391,0.031030694297040695,0.186505283,250
Lungs,Arm ,nan,nan,nan,nan,nan,250
Lungs,V50.0 dosevol,nan,nan,nan,nan,nan,250
Lungs,V50.0 dosevol/volume,nan,nan,nan,nan,nan,250
Lungs,V55.0 dosevol,nan,nan,nan,nan,nan,250
Lungs,V55.0 dosevol/volume,nan,nan,nan,nan,nan,250
Lungs,V60.0 dosevol,nan,nan,nan,nan,nan,250
Lungs,V60.0 dosevol/volume,nan,nan,nan,nan,nan,250
Lungs,V65.0 dosevol,nan,nan,nan,nan,nan,250
Lungs,V65.0 dosevol/volume,nan,nan,nan,nan,nan,250
Lungs,V70.0 dosevol,nan,nan,nan,nan,nan,250
Lungs,V70.0 dosevol/volume,nan,nan,nan,nan,nan,250
Lungs,V75.0 dosevol,nan,nan,nan,nan,nan,250
Lungs,V75.0 dosevol/volume,nan,nan,nan,nan,nan,250
PulmonaryArtery,MinDose,0.7257039630000002,0.046210349,6.556991482,1.0238242480688327,6.510781133,241
PulmonaryArtery,MaxDose,10.22112787207054,0.27125979,46.21974725,10.734991876154039,45.948487459999996,241
PulmonaryArtery,MeanDose,2.9481320779929034,0.149539758,18.50911765,3.2533722796768703,18.359577892,241
PulmonaryArtery,TotalVolume (cm^3),56.5225622406639,1.203125,153.71875,30.617173404234922,152.515625,241
PulmonaryArtery,IntegralDose,163.57874473486748,0.284969594,832.9406806,179.30634432325286,832.6557110059999,241
PulmonaryArtery,VolumeOverlap,30.555735518292682,0.0,84.703125,22.084244035708338,84.703125,241
PulmonaryArtery,FractionOverlap,0.7871912923533831,0.0,1.0,0.22832106062008345,1.0,241
PulmonaryArtery,DminFromPTV (mm),34.13415590784582,0.0,113.0541905,21.79687905687808,113.0541905,241
PulmonaryArtery,CM Distance (mm),84.08970414201184,40.82,146.81,19.87246409176813,105.99000000000001,241
PulmonaryArtery,Max_sqrt(grad(Dose)*Dose)_1,6.068355762929136,0.699475966,19.61747541,4.178262497390595,18.917999444,241
PulmonaryArtery,Max1_Dose,12.801317324742334,1.53647514,38.23953589,8.839582512340824,36.70306075,241
PulmonaryArtery,Max_sqrt(grad(Dose)*Dose)_2,5.901599003665044,0.686136551,19.49943153,4.080143491431895,18.813294979,241
PulmonaryArtery,Max2_Dose,12.630541304871166,1.58607009,40.66736642,8.823808052655522,39.08129633,241
PulmonaryArtery,Max_sqrt(grad(Dose)*Dose)_3,5.73877028098356,0.673730481,18.73086227,3.958433641123948,18.057131789,241
PulmonaryArtery,Max3_Dose,12.383032772404908,1.58607009,40.02782006,8.668043374478033,38.441749970000004,241
PulmonaryArtery,Max_sqrt(grad(Dose)*Dose)_4,5.6253280564362225,0.651037124,18.44228367,3.8923787404708827,17.791246546,241
PulmonaryArtery,Max4_Dose,12.133796428423313,1.55095002,38.93393493,8.493165521013768,37.38298491,241
PulmonaryArtery,Max_sqrt(grad(Dose)*Dose)_5,5.527439365375746,0.636851235,18.18446258,3.841878424557621,17.547611345,241
PulmonaryArtery,Max5_Dose,12.072994314042944,1.55095002,40.02782006,8.659428588973528,38.47687004,241
PulmonaryArtery,V1.0 dosevol,32.93367479253112,0.0,114.859375,32.44944204164853,114.859375,241
PulmonaryArtery,V1.0 dosevol/volume,0.560989762239944,0.0,1.0,0.4305013469963414,1.0,241
PulmonaryArtery,V2.0 dosevol,24.390235995850624,0.0,93.171875,26.12097296285938,93.171875,241
PulmonaryArtery,V2.0 dosevol/volume,0.41860353063776307,0.0,1.0,0.39505213321236765,1.0,241
PulmonaryArtery,V5.0 dosevol,10.788446576763485,0.0,55.84375,15.967349494307784,55.84375,241
PulmonaryArtery,V5.0 dosevol/volume,0.19936561839318043,0.0,1.0,0.3027632888592438,1.0,241
PulmonaryArtery,V10.0 dosevol,2.858402489626556,0.0,39.546875,6.135240203075711,39.546875,241
PulmonaryArtery,V10.0 dosevol/volume,0.05603956993426122,0.0,0.889363216,0.13011846177413208,0.889363216,241
PulmonaryArtery,V15.0 dosevol,0.8559387966804979,0.0,27.59375,3.409482969820932,27.59375,241
PulmonaryArtery,V15.0 dosevol/volume,0.01678457305140427,0.0,0.619352544,0.07600895185642227,0.619352544,241
PulmonaryArtery,V20.0 dosevol,0.38679979253112035,0.0,17.328125,2.0465943261407773,17.328125,241
PulmonaryArtery,V20.0 dosevol/volume,0.008021049556785217,0.0,0.384204909,0.04607785004641097,0.384204909,241
PulmonaryArtery,Arm ,nan,nan,nan,nan,nan,241
PulmonaryArtery,V50.0 dosevol,nan,nan,nan,nan,nan,241
PulmonaryArtery,V50.0 dosevol/volume,nan,nan,nan,nan,nan,241
PulmonaryArtery,V55.0 dosevol,nan,nan,nan,nan,nan,241
PulmonaryArtery,V55.0 dosevol/volume,nan,nan,nan,nan,nan,241
PulmonaryArtery,V60.0 dosevol,nan,nan,nan,nan,nan,241
PulmonaryArtery,V60.0 dosevol/volume,nan,nan,nan,nan,nan,241
PulmonaryArtery,V65.0 dosevol,nan,nan,nan,nan,nan,241
PulmonaryArtery,V65.0 dosevol/volume,nan,nan,nan,nan,nan,241
PulmonaryArtery,V70.0 dosevol,nan,nan,nan,nan,nan,241
PulmonaryArtery,V70.0 dosevol/volume,nan,nan,nan,nan,nan,241
PulmonaryArtery,V75.0 dosevol,nan,nan,nan,nan,nan,241
PulmonaryArtery,V75.0 dosevol/volume,nan,nan,nan,nan,nan,241
SpinalCanal,MinDose,0.15684472242040814,0.03276423,0.406403433,0.08759749471633536,0.373639203,245
SpinalCanal,MaxDose,8.355446862608163,0.12594002,22.92307414,5.538838737183276,22.79713412,245
SpinalCanal,MeanDose,2.0011933941222657,0.1030238841935484,4.836918604,1.1494996725004694,4.733894719806452,245
SpinalCanal,TotalVolume (cm^3),27.690242346938774,1.9375,49.234375,7.181333766686402,47.296875,245
SpinalCanal,IntegralDose,55.80337414079822,0.199608775625,188.5495964,35.40263138220134,188.34998762437502,245
SpinalCanal,VolumeOverlap,6.873962942477876,0.0,21.140625,4.258267082566317,21.140625,245
SpinalCanal,FractionOverlap,0.753877116790657,0.0,1.0,0.2104408703156251,1.0,245
SpinalCanal,DminFromPTV (mm),59.776412729137164,9.013878189,144.4602021,31.29624676330661,135.446323911,245
SpinalCanal,CM Distance (mm),85.70234513274336,29.8,167.25,31.658775020667537,137.45,245
SpinalCanal,Max_sqrt(grad(Dose)*Dose)_1,3.949334762955735,0.704683144,11.264412217272488,2.63433032935086,10.559729073272488,245
SpinalCanal,Max1_Dose,7.907305783840707,1.82351883,19.368832122,4.740874000785139,17.545313292,245
SpinalCanal,Max_sqrt(grad(Dose)*Dose)_2,3.8106866044137178,0.704536578,11.152772623813329,2.5597009807269364,10.448236045813328,245
SpinalCanal,Max2_Dose,7.662807369809734,1.7486829,19.79528822,4.684008431114823,18.04660532,245
SpinalCanal,Max_sqrt(grad(Dose)*Dose)_3,3.7190399758324966,0.699234421,10.575346263873502,2.4959461312258373,9.876111842873502,245
SpinalCanal,Max3_Dose,7.574969306995575,1.704501472,19.79184932,4.573275663510466,18.087347848,245
SpinalCanal,Max_sqrt(grad(Dose)*Dose)_4,3.6516920462942797,0.697956097,10.47963245397011,2.4556821640669906,9.78167635697011,245
SpinalCanal,Max4_Dose,7.4417948351769905,1.6909451,18.61837964,4.517675583974982,16.92743454,245
SpinalCanal,Max_sqrt(grad(Dose)*Dose)_5,3.589776771258856,0.691423325,10.459094488475085,2.4224059753747347,9.767671163475084,245
SpinalCanal,Max5_Dose,7.533971106473451,1.6909451,20.99253347,4.741507341012341,19.30158837,245
SpinalCanal,V1.0 dosevol,12.420663265306123,0.0,28.703125,5.402179490487255,28.703125,245
SpinalCanal,V1.0 dosevol/volume,0.44125016361042385,0.0,0.865859564,0.14781551106592047,0.865859564,245
SpinalCanal,V2.0 dosevol,8.145216836734694,0.0,24.890625,5.489580574676957,24.890625,245
SpinalCanal,V2.0 dosevol/volume,0.28967063527047426,0.0,0.771428571,0.17155755516288151,0.771428571,245
SpinalCanal,V5.0 dosevol,3.4568239795918365,0.0,15.140625,3.704397449547651,15.140625,245
SpinalCanal,V5.0 dosevol/volume,0.1258862734061397,0.0,0.399049881,0.13203621083055386,0.399049881,245
SpinalCanal,V10.0 dosevol,0.8323341836734693,0.0,7.046875,1.583058975535307,7.046875,245
SpinalCanal,V10.0 dosevol/volume,0.029326025111734193,0.0,0.226837061,0.055006826897064924,0.226837061,245
SpinalCanal,V15.0 dosevol,0.06262755102040816,0.0,1.84375,0.2532803478594535,1.84375,245
SpinalCanal,V15.0 dosevol/volume,0.00201959131448799,0.0,0.074238579,0.0080793045270701,0.074238579,245
SpinalCanal,V20.0 dosevol,0.005739795918367347,0.0,0.40625,0.037063864396680996,0.40625,245
SpinalCanal,V20.0 dosevol/volume,0.0001800821664567012,0.0,0.016497462,0.0012739041824048711,0.016497462,245
SpinalCanal,Arm ,nan,nan,nan,nan,nan,245
SpinalCanal,V50.0 dosevol,nan,nan,nan,nan,nan,245
SpinalCanal,V50.0 dosevol/volume,nan,nan,nan,nan,nan,245
SpinalCanal,V55.0 dosevol,nan,nan,nan,nan,nan,245
SpinalCanal,V55.0 dosevol/volume,nan,nan,nan,nan,nan,245
SpinalCanal,V60.0 dosevol,nan,nan,nan,nan,nan,245
SpinalCanal,V60.0 dosevol/volume,nan,nan,nan,nan,nan,245
SpinalCanal,V65.0 dosevol,nan,nan,nan,nan,nan,245
SpinalCanal,V65.0 dosevol/volume,nan,nan,nan,nan,nan,245
SpinalCanal,V70.0 dosevol,nan,nan,nan,nan,nan,245
SpinalCanal,V70.0 dosevol/volume,nan,nan,nan,nan,nan,245
SpinalCanal,V75.0 dosevol,nan,nan,nan,nan,nan,245
SpinalCanal,V75.0 dosevol/volume,nan,nan,nan,nan,nan,245
TSpine,MinDose,0.23388082438799998,0.030516772,1.12965326,0.21597502634658663,1.099136488,250
TSpine,MaxDose,15.506610133788003,2.36494699,71.32507135,15.620009957962127,68.96012436000001,250
TSpine,MeanDose,3.118733257187714,0.4994569714893617,10.05821047,2.3686627364343424,9.558753498510638,250
TSpine,TotalVolume (cm^3),150.804625,56.9375,355.734375,70.16530763101392,298.796875,250
TSpine,IntegralDose,428.63848924126535,39.2463923378125,2609.788395,396.9051113681357,2570.5420026621873,250
TSpine,VolumeOverlap,48.31075,0.0,158.078125,32.55504199702926,158.078125,250
TSpine,FractionOverlap,0.8522717263720226,0.0,1.0,0.16981581286850708,1.0,250
TSpine,DminFromPTV (mm),45.82531606974621,0.0,132.122102617238,28.657899501835946,132.122102617238,250
TSpine,CM Distance (mm),79.68,23.77,160.34,30.07755405333561,136.57,250
TSpine,Max_sqrt(grad(Dose)*Dose)_1,4.96070662014423,0.9363795822495856,29.75908962,3.562494278830033,28.822710037750415,250
TSpine,Max1_Dose,10.19331894578355,1.94611818,57.04449658,7.612857016903203,55.0983784,250
TSpine,Max_sqrt(grad(Dose)*Dose)_2,4.78707483109848,0.9332089772115516,28.19656652,3.422903897177948,27.263357542788448,250
TSpine,Max2_Dose,9.895884899636364,1.82002688,47.40971352,7.149995638240864,45.58968664,250
TSpine,Max_sqrt(grad(Dose)*Dose)_3,4.655059750634981,0.9283083573284084,27.42759161,3.3279535746782787,26.499283252671592,250
TSpine,Max3_Dose,9.746873335463205,1.82002688,46.2359188,7.048654333597762,44.41589192,250
TSpine,Max_sqrt(grad(Dose)*Dose)_4,4.574420043259404,0.9170417047284014,27.07466218,3.286493602470442,26.1576204752716,250
TSpine,Max4_Dose,9.729152110796536,1.8233624,48.91667421,7.274302110804503,47.093311809999996,250
TSpine,Max_sqrt(grad(Dose)*Dose)_5,4.508242513670039,0.9159170711157152,26.95429834,3.24881549641058,26.038381268884287,250
TSpine,Max5_Dose,9.593920921380953,1.797380985,46.73155414,7.09166511482653,44.934173155,250
TSpine,V1.0 dosevol,83.075,10.9375,197.046875,36.578572791747554,186.109375,250
TSpine,V1.0 dosevol/volume,0.5891981815044753,0.06763285,1.0,0.20296909560455204,0.93236715,250
TSpine,V2.0 dosevol,55.097625,0.25,163.59375,35.90109392516954,163.34375,250
TSpine,V2.0 dosevol/volume,0.40747628654429774,0.001545894,0.984848485,0.2372076950013122,0.983302591,250
TSpine,V5.0 dosevol,24.1985,0.0,132.90625,29.312779001410238,132.90625,250
TSpine,V5.0 dosevol/volume,0.18178978576605515,0.0,0.670407561,0.19488082790218864,0.670407561,250
TSpine,V10.0 dosevol,9.07625,0.0,89.328125,16.791499834586087,89.328125,250
TSpine,V10.0 dosevol/volume,0.07051040269673108,0.0,0.40475263,0.11833996988493162,0.40475263,250
TSpine,V15.0 dosevol,3.8818125,0.0,62.96875,10.319224120072807,62.96875,250
TSpine,V15.0 dosevol/volume,0.029812107105936313,0.0,0.279427943,0.0673846756276293,0.279427943,250
TSpine,V20.0 dosevol,2.030125,0.0,44.71875,6.923040519762838,44.71875,250
TSpine,V20.0 dosevol/volume,0.01424057714,0.0,0.191281628,0.04070751530253839,0.191281628,250
TSpine,Arm ,nan,nan,nan,nan,nan,250
TSpine,V50.0 dosevol,nan,nan,nan,nan,nan,250
TSpine,V50.0 dosevol/volume,nan,nan,nan,nan,nan,250
TSpine,V55.0 dosevol,nan,nan,nan,nan,nan,250
TSpine,V55.0 dosevol/volume,nan,nan,nan,nan,nan,250
TSpine,V60.0 dosevol,nan,nan,nan,nan,nan,250
TSpine,V60.0 dosevol/volume,nan,nan,nan,nan,nan,250
TSpine,V65.0 dosevol,nan,nan,nan,nan,nan,250
TSpine,V65.0 dosevol/volume,nan,nan,nan,nan,nan,250
TSpine,V70.0 dosevol,nan,nan,nan,nan,nan,250
TSpine,V70.0 dosevol/volume,nan,nan,nan,nan,nan,250
TSpine,V75.0 dosevol,nan,nan,nan,nan,nan,250
TSpine,V75.0 dosevol/volume,nan,nan,nan,nan,nan,250
Trachea,MinDose,0.2626966757281106,0.03176394,1.05025635,0.22096828693937762,1.01849241,217
Trachea,MaxDose,5.899118122529955,0.08432293,21.4487538,5.599536177052615,21.36443087,217
Trachea,MeanDose,2.0193914436001275,0.060003981,8.60275164,2.1405148851313016,8.542747659,217
Trachea,TotalVolume (cm^3),19.857862903225808,1.625,44.1875,10.39562050140133,42.5625,217
Trachea,IntegralDose,49.299221537546224,0.37517494,257.5637932,61.83761964746511,257.18861826,217
Trachea,VolumeOverlap,9.924254966887418,0.0,33.46875,8.72814956814636,33.46875,217
Trachea,FractionOverlap,0.76732574888077,0.0,1.0,0.18994844175498332,1.0,217
Trachea,DminFromPTV (mm),51.94561651984101,20.15564437,101.5812483,18.99225133081943,81.42560393,217
Trachea,CM Distance (mm),81.59562913907286,44.04,123.9,17.778750596378025,79.86000000000001,217
Trachea,Max_sqrt(grad(Dose)*Dose)_1,3.247325650109964,0.770077741,8.565653837,2.006950035569579,7.795576096,217
Trachea,Max1_Dose,7.1404724612251655,1.645204574,20.27398719,4.582580329417168,18.628782616,217
Trachea,Max_sqrt(grad(Dose)*Dose)_2,3.1678543027297352,0.766985196,8.3487919,1.9478282505733506,7.581806704,217
Trachea,Max2_Dose,6.854053695814571,1.500247474,19.99532988,4.444660321311267,18.495082406,217
Trachea,Max_sqrt(grad(Dose)*Dose)_3,3.1165327950465445,0.764025485,8.255864707,1.9184665227074196,7.491839222,217
Trachea,Max3_Dose,6.859527690384106,1.554479412,19.23449284,4.454671650820597,17.680013428000002,217
Trachea,Max_sqrt(grad(Dose)*Dose)_4,3.0705726186745634,0.759201094,8.221887687,1.8918606476333983,7.462686593000001,217
Trachea,Max4_Dose,6.851211802463576,1.45027348,19.23449284,4.515030206966797,17.78421936,217
Trachea,Max_sqrt(grad(Dose)*Dose)_5,3.033667562567857,0.751387501,8.09201865,1.87062637152986,7.340631149,217
Trachea,Max5_Dose,6.742155116523179,1.500247474,19.23449284,4.32708734022754,17.734245366000003,217
Trachea,V1.0 dosevol,10.172955069124423,0.0,39.25,10.51305233245344,39.25,217
Trachea,V1.0 dosevol/volume,0.4201681306001567,0.0,1.0,0.35544058545140406,1.0,217
Trachea,V2.0 dosevol,7.948300691244239,0.0,34.0625,9.494741687472505,34.0625,217
Trachea,V2.0 dosevol/volume,0.3142485884540459,0.0,0.915540541,0.3128072712490477,0.915540541,217
Trachea,V5.0 dosevol,3.137384792626728,0.0,26.390625,6.0053573679087116,26.390625,217
Trachea,V5.0 dosevol/volume,0.11922784130960597,0.0,0.810810811,0.21012603179691777,0.810810811,217
Trachea,V10.0 dosevol,0.9132344470046083,0.0,11.671875,2.4153697637132314,11.671875,217
Trachea,V10.0 dosevol/volume,0.03998044405069124,0.0,0.489592007,0.10414586643588793,0.489592007,217
Trachea,V15.0 dosevol,0.09259792626728111,0.0,2.453125,0.3949769442862083,2.453125,217
Trachea,V15.0 dosevol/volume,0.00422653332718894,0.0,0.115417018,0.018159578624091618,0.115417018,217
Trachea,V20.0 dosevol,0.0010080645161290322,0.0,0.1875,0.012806251572509848,0.1875,217
Trachea,V20.0 dosevol/volume,5.4543276497695856e-05,0.0,0.01010952,0.0006907021556442998,0.01010952,217
Trachea,Arm ,nan,nan,nan,nan,nan,217
Trachea,V50.0 dosevol,nan,nan,nan,nan,nan,217
Trachea,V50.0 dosevol/volume,nan,nan,nan,nan,nan,217
Trachea,V55.0 dosevol,nan,nan,nan,nan,nan,217
Trachea,V55.0 dosevol/volume,nan,nan,nan,nan,nan,217
Trachea,V60.0 dosevol,nan,nan,nan,nan,nan,217
Trachea,V60.0 dosevol/volume,nan,nan,nan,nan,nan,217
Trachea,V65.0 dosevol,nan,nan,nan,nan,nan,217
Trachea,V65.0 dosevol/volume,nan,nan,nan,nan,nan,217
Trachea,V70.0 dosevol,nan,nan,nan,nan,nan,217
Trachea,V70.0 dosevol/volume,nan,nan,nan,nan,nan,217
Trachea,V75.0 dosevol,nan,nan,nan,nan,nan,217
Trachea,V75.0 dosevol/volume,nan,nan,nan,nan,nan,217
VC,MinDose,0.7151448395541667,0.037898152,8.3988303,1.445535545168036,8.360932148,240
VC,MaxDose,8.503241080116666,0.137059545,39.9838311,8.589187351193598,39.846771555000004,240
VC,MeanDose,3.4177217389810144,0.100072916,17.83592207,4.056592766120536,17.735849154,240
VC,TotalVolume (cm^3),18.136002604166666,6.640625,72.546875,10.680165940832797,65.90625,240
VC,IntegralDose,53.17798209167721,0.824108094,280.8213382,57.21386095390842,279.997230106,240
VC,VolumeOverlap,6.817420580110498,0.0,17.234375,4.444235316930371,17.234375,240
VC,FractionOverlap,0.7277095151192042,0.0,0.998023715,0.22416145352785913,0.998023715,240
VC,DminFromPTV (mm),52.84264547526715,5.0,105.0595069,26.279536003212872,100.0595069,240
VC,CM Distance (mm),80.42397790055247,24.88,131.3,26.668981622009202,106.42000000000002,240
VC,Max_sqrt(grad(Dose)*Dose)_1,4.208327758243323,0.782771947,21.868173,3.5530543891319675,21.085401053,240
VC,Max1_Dose,9.600969362265193,2.05526758,39.9838311,7.894564911848268,37.928563520000004,240
VC,Max_sqrt(grad(Dose)*Dose)_2,4.108292320733056,0.711955548,19.72049386,3.4539050360115597,19.008538312000002,240
VC,Max2_Dose,9.503132876707182,1.97171999,37.0666572,7.882671657253748,35.094937210000005,240
VC,Max_sqrt(grad(Dose)*Dose)_3,4.0352091682716,0.688748323,19.7107933,3.4079099719862502,19.022044977,240
VC,Max3_Dose,9.298611818121548,1.666493501,36.26680385,7.776483451701392,34.600310349000004,240
VC,Max_sqrt(grad(Dose)*Dose)_4,3.967056794679427,0.688093886,19.67728172,3.3356156115815394,18.989187834,240
VC,Max4_Dose,9.31347677014917,1.78020709,37.90222884,7.774161276901105,36.12202175,240
VC,Max_sqrt(grad(Dose)*Dose)_5,3.895943276116085,0.66476137,18.62959105,3.2418065766662245,17.964829679999998,240
VC,Max5_Dose,9.193972840895027,1.846735397,32.63716294,7.623659866973214,30.790427543000003,240
VC,V1.0 dosevol,9.437239583333334,0.0,26.03125,6.882947569436722,26.03125,240
VC,V1.0 dosevol/volume,0.5391334007914873,0.0,1.0,0.36315238906010383,1.0,240
VC,V2.0 dosevol,6.36640625,0.0,19.640625,5.672553615016145,19.640625,240
VC,V2.0 dosevol/volume,0.4000960956055206,0.0,1.0,0.35113573968317235,1.0,240
VC,V5.0 dosevol,3.0279296875,0.0,18.046875,4.349683945702432,18.046875,240
VC,V5.0 dosevol/volume,0.21705943638333333,0.0,1.0,0.3116639008428858,1.0,240
VC,V10.0 dosevol,1.5664713541666666,0.0,13.984375,3.3564860132649827,13.984375,240
VC,V10.0 dosevol/volume,0.10642352125833333,0.0,0.97993311,0.2397551864891269,0.97993311,240
VC,V15.0 dosevol,0.7819661458333333,0.0,9.953125,2.0501904242898075,9.953125,240
VC,V15.0 dosevol/volume,0.0559777978375,0.0,0.74916388,0.15484606999933143,0.74916388,240
VC,V20.0 dosevol,0.21751302083333332,0.0,4.34375,0.6873004951303484,4.34375,240
VC,V20.0 dosevol/volume,0.0155873799875,0.0,0.304347826,0.050050891292985324,0.304347826,240
VC,Arm ,nan,nan,nan,nan,nan,240
VC,V50.0 dosevol,nan,nan,nan,nan,nan,240
VC,V50.0 dosevol/volume,nan,nan,nan,nan,nan,240
VC,V55.0 dosevol,nan,nan,nan,nan,nan,240
VC,V55.0 dosevol/volume,nan,nan,nan,nan,nan,240
VC,V60.0 dosevol,nan,nan,nan,nan,nan,240
VC,V60.0 dosevol/volume,nan,nan,nan,nan,nan,240
VC,V65.0 dosevol,nan,nan,nan,nan,nan,240
VC,V65.0 dosevol/volume,nan,nan,nan,nan,nan,240
VC,V70.0 dosevol,nan,nan,nan,nan,nan,240
VC,V70.0 dosevol/volume,nan,nan,nan,nan,nan,240
VC,V75.0 dosevol,nan,nan,nan,nan,nan,240
VC,V75.0 dosevol/volume,nan,nan,nan,nan,nan,240
